legacy_id,stage,scope,metric_pointer,recorded_value,artifact,artifact_sha256,new_execution,independent_confirmation
LEGACY-M0,M0,development_reference_only,/tests/reference/tests,12,research/legacy/LEGACY-M0/manifests/m0_status.json,3b51d72edd98b35f71ec973dbcd7f6ad75318bd225ddc546a59ae8045b46f2fa,False,False
LEGACY-M0,M0,development_reference_only,/tests/reference/failures,0,research/legacy/LEGACY-M0/manifests/m0_status.json,3b51d72edd98b35f71ec973dbcd7f6ad75318bd225ddc546a59ae8045b46f2fa,False,False
LEGACY-M0,M0,development_reference_only,/tests/reference/errors,0,research/legacy/LEGACY-M0/manifests/m0_status.json,3b51d72edd98b35f71ec973dbcd7f6ad75318bd225ddc546a59ae8045b46f2fa,False,False
LEGACY-M0,M0,development_reference_only,/tests/reference/skipped,0,research/legacy/LEGACY-M0/manifests/m0_status.json,3b51d72edd98b35f71ec973dbcd7f6ad75318bd225ddc546a59ae8045b46f2fa,False,False
LEGACY-M0,M0,development_reference_only,/tests/research/tests,30,research/legacy/LEGACY-M0/manifests/m0_status.json,3b51d72edd98b35f71ec973dbcd7f6ad75318bd225ddc546a59ae8045b46f2fa,False,False
LEGACY-M0,M0,development_reference_only,/tests/research/failures,0,research/legacy/LEGACY-M0/manifests/m0_status.json,3b51d72edd98b35f71ec973dbcd7f6ad75318bd225ddc546a59ae8045b46f2fa,False,False
LEGACY-M0,M0,development_reference_only,/tests/research/errors,0,research/legacy/LEGACY-M0/manifests/m0_status.json,3b51d72edd98b35f71ec973dbcd7f6ad75318bd225ddc546a59ae8045b46f2fa,False,False
LEGACY-M0,M0,development_reference_only,/tests/research/skipped,0,research/legacy/LEGACY-M0/manifests/m0_status.json,3b51d72edd98b35f71ec973dbcd7f6ad75318bd225ddc546a59ae8045b46f2fa,False,False
LEGACY-M0,M0,development_reference_only,/scientific_claim_status,"""open""",research/legacy/LEGACY-M0/manifests/m0_status.json,3b51d72edd98b35f71ec973dbcd7f6ad75318bd225ddc546a59ae8045b46f2fa,False,False
LEGACY-M0,M0,development_reference_only,/four_seed_reproduction,false,research/legacy/LEGACY-M0/manifests/m0_status.json,3b51d72edd98b35f71ec973dbcd7f6ad75318bd225ddc546a59ae8045b46f2fa,False,False
LEGACY-M0,M0,single_seed_development_reference_claims_open,/native_32_hop_accuracy_mean,0.7857142857142857,research/legacy/LEGACY-M0/evidence/imported_m0/m0_single_seed_reference/final_verdict.json,12e0657aefbd3d8aa26ade59d60d4eb8249a2ba7cc90901e10a358882c9defc4,False,False
LEGACY-M0,M0,single_seed_development_reference_claims_open,/direct_transformer_32_hop_accuracy_mean,0.48214285714285715,research/legacy/LEGACY-M0/evidence/imported_m0/m0_single_seed_reference/final_verdict.json,12e0657aefbd3d8aa26ade59d60d4eb8249a2ba7cc90901e10a358882c9defc4,False,False
LEGACY-M0,M0,single_seed_development_reference_claims_open,/native_minus_transformer_32_hop,0.30357142857142855,research/legacy/LEGACY-M0/evidence/imported_m0/m0_single_seed_reference/final_verdict.json,12e0657aefbd3d8aa26ade59d60d4eb8249a2ba7cc90901e10a358882c9defc4,False,False
LEGACY-M0,M0,single_seed_development_reference_claims_open,/native_ergt_claim_status,"""open""",research/legacy/LEGACY-M0/evidence/imported_m0/m0_single_seed_reference/final_verdict.json,12e0657aefbd3d8aa26ade59d60d4eb8249a2ba7cc90901e10a358882c9defc4,False,False
LEGACY-M1,M1,isolated_kernel_passed,/tests/0/tests,44,research/legacy/LEGACY-M1/manifests/m1_status.json,865e5d6d7811a2ee4269edc782baa318988d557e92290cec717506d6779872ca,False,False
LEGACY-M1,M1,isolated_kernel_passed,/tests/0/failures,0,research/legacy/LEGACY-M1/manifests/m1_status.json,865e5d6d7811a2ee4269edc782baa318988d557e92290cec717506d6779872ca,False,False
LEGACY-M1,M1,isolated_kernel_passed,/tests/0/errors,0,research/legacy/LEGACY-M1/manifests/m1_status.json,865e5d6d7811a2ee4269edc782baa318988d557e92290cec717506d6779872ca,False,False
LEGACY-M1,M1,isolated_kernel_passed,/tests/0/skipped,0,research/legacy/LEGACY-M1/manifests/m1_status.json,865e5d6d7811a2ee4269edc782baa318988d557e92290cec717506d6779872ca,False,False
LEGACY-M1,M1,isolated_kernel_passed,/tests/1/tests,30,research/legacy/LEGACY-M1/manifests/m1_status.json,865e5d6d7811a2ee4269edc782baa318988d557e92290cec717506d6779872ca,False,False
LEGACY-M1,M1,isolated_kernel_passed,/tests/1/failures,0,research/legacy/LEGACY-M1/manifests/m1_status.json,865e5d6d7811a2ee4269edc782baa318988d557e92290cec717506d6779872ca,False,False
LEGACY-M1,M1,isolated_kernel_passed,/tests/1/errors,0,research/legacy/LEGACY-M1/manifests/m1_status.json,865e5d6d7811a2ee4269edc782baa318988d557e92290cec717506d6779872ca,False,False
LEGACY-M1,M1,isolated_kernel_passed,/tests/1/skipped,0,research/legacy/LEGACY-M1/manifests/m1_status.json,865e5d6d7811a2ee4269edc782baa318988d557e92290cec717506d6779872ca,False,False
LEGACY-M1,M1,isolated_kernel_passed,/tests/2/tests,12,research/legacy/LEGACY-M1/manifests/m1_status.json,865e5d6d7811a2ee4269edc782baa318988d557e92290cec717506d6779872ca,False,False
LEGACY-M1,M1,isolated_kernel_passed,/tests/2/failures,0,research/legacy/LEGACY-M1/manifests/m1_status.json,865e5d6d7811a2ee4269edc782baa318988d557e92290cec717506d6779872ca,False,False
LEGACY-M1,M1,isolated_kernel_passed,/tests/2/errors,0,research/legacy/LEGACY-M1/manifests/m1_status.json,865e5d6d7811a2ee4269edc782baa318988d557e92290cec717506d6779872ca,False,False
LEGACY-M1,M1,isolated_kernel_passed,/tests/2/skipped,0,research/legacy/LEGACY-M1/manifests/m1_status.json,865e5d6d7811a2ee4269edc782baa318988d557e92290cec717506d6779872ca,False,False
LEGACY-M2-INITIAL,M2,calibration_failed_original_raw_unavailable,/initial_fit/accuracy,0.3218390804597701,research/legacy/LEGACY-M2-INITIAL/git_evidence/manifests/m2_status.json,fcf63dd089c6418669cb1b09cdbbfb36ab731329176270d1be6950ebd96295fb,False,False
LEGACY-M2-INITIAL,M2,calibration_failed_original_raw_unavailable,/initial_fit/balanced_accuracy,0.3333333333333333,research/legacy/LEGACY-M2-INITIAL/git_evidence/manifests/m2_status.json,fcf63dd089c6418669cb1b09cdbbfb36ab731329176270d1be6950ebd96295fb,False,False
LEGACY-M2-INITIAL,M2,calibration_failed_original_raw_unavailable,/initial_monitor/accuracy,0.33458646616541354,research/legacy/LEGACY-M2-INITIAL/git_evidence/manifests/m2_status.json,fcf63dd089c6418669cb1b09cdbbfb36ab731329176270d1be6950ebd96295fb,False,False
LEGACY-M2-INITIAL,M2,calibration_failed_original_raw_unavailable,/initial_monitor/balanced_accuracy,0.3333333333333333,research/legacy/LEGACY-M2-INITIAL/git_evidence/manifests/m2_status.json,fcf63dd089c6418669cb1b09cdbbfb36ab731329176270d1be6950ebd96295fb,False,False
LEGACY-M2-INITIAL,M2,calibration_failed_original_raw_unavailable,/final_fit/accuracy,0.4442528735632184,research/legacy/LEGACY-M2-INITIAL/git_evidence/manifests/m2_status.json,fcf63dd089c6418669cb1b09cdbbfb36ab731329176270d1be6950ebd96295fb,False,False
LEGACY-M2-INITIAL,M2,calibration_failed_original_raw_unavailable,/final_fit/balanced_accuracy,0.4459303667139673,research/legacy/LEGACY-M2-INITIAL/git_evidence/manifests/m2_status.json,fcf63dd089c6418669cb1b09cdbbfb36ab731329176270d1be6950ebd96295fb,False,False
LEGACY-M2-INITIAL,M2,calibration_failed_original_raw_unavailable,/final_monitor/accuracy,0.3383458646616541,research/legacy/LEGACY-M2-INITIAL/git_evidence/manifests/m2_status.json,fcf63dd089c6418669cb1b09cdbbfb36ab731329176270d1be6950ebd96295fb,False,False
LEGACY-M2-INITIAL,M2,calibration_failed_original_raw_unavailable,/final_monitor/balanced_accuracy,0.3386419149975574,research/legacy/LEGACY-M2-INITIAL/git_evidence/manifests/m2_status.json,fcf63dd089c6418669cb1b09cdbbfb36ab731329176270d1be6950ebd96295fb,False,False
LEGACY-M2-INITIAL,M2,calibration_failed_original_raw_unavailable,/final_checks/balanced_accuracy,false,research/legacy/LEGACY-M2-INITIAL/git_evidence/manifests/m2_status.json,fcf63dd089c6418669cb1b09cdbbfb36ab731329176270d1be6950ebd96295fb,False,False
LEGACY-M2-INITIAL,M2,calibration_failed_original_raw_unavailable,/engineering_acceptance/records/0/tests,93,research/legacy/LEGACY-M2-INITIAL/git_evidence/manifests/m2_status.json,fcf63dd089c6418669cb1b09cdbbfb36ab731329176270d1be6950ebd96295fb,False,False
LEGACY-M2-INITIAL,M2,calibration_failed_original_raw_unavailable,/engineering_acceptance/records/0/failures,0,research/legacy/LEGACY-M2-INITIAL/git_evidence/manifests/m2_status.json,fcf63dd089c6418669cb1b09cdbbfb36ab731329176270d1be6950ebd96295fb,False,False
LEGACY-M2-INITIAL,M2,calibration_failed_original_raw_unavailable,/engineering_acceptance/records/0/errors,0,research/legacy/LEGACY-M2-INITIAL/git_evidence/manifests/m2_status.json,fcf63dd089c6418669cb1b09cdbbfb36ab731329176270d1be6950ebd96295fb,False,False
LEGACY-M2-INITIAL,M2,calibration_failed_original_raw_unavailable,/engineering_acceptance/records/0/skipped,0,research/legacy/LEGACY-M2-INITIAL/git_evidence/manifests/m2_status.json,fcf63dd089c6418669cb1b09cdbbfb36ab731329176270d1be6950ebd96295fb,False,False
LEGACY-M2-INITIAL,M2,calibration_failed_original_raw_unavailable,/engineering_acceptance/records/1/tests,2,research/legacy/LEGACY-M2-INITIAL/git_evidence/manifests/m2_status.json,fcf63dd089c6418669cb1b09cdbbfb36ab731329176270d1be6950ebd96295fb,False,False
LEGACY-M2-INITIAL,M2,calibration_failed_original_raw_unavailable,/engineering_acceptance/records/1/failures,0,research/legacy/LEGACY-M2-INITIAL/git_evidence/manifests/m2_status.json,fcf63dd089c6418669cb1b09cdbbfb36ab731329176270d1be6950ebd96295fb,False,False
LEGACY-M2-INITIAL,M2,calibration_failed_original_raw_unavailable,/engineering_acceptance/records/1/errors,0,research/legacy/LEGACY-M2-INITIAL/git_evidence/manifests/m2_status.json,fcf63dd089c6418669cb1b09cdbbfb36ab731329176270d1be6950ebd96295fb,False,False
LEGACY-M2-INITIAL,M2,calibration_failed_original_raw_unavailable,/engineering_acceptance/records/1/skipped,0,research/legacy/LEGACY-M2-INITIAL/git_evidence/manifests/m2_status.json,fcf63dd089c6418669cb1b09cdbbfb36ab731329176270d1be6950ebd96295fb,False,False
LEGACY-M2-CONTEXT,M2,calibration_not_qualified,/initial_fit/accuracy,0.3218390804597701,research/legacy/LEGACY-M2-CONTEXT/manifests/m2_status.json,6ad7c3002def098619ca107ec8575105d433fd12effddb432aae708fae23818c,False,False
LEGACY-M2-CONTEXT,M2,calibration_not_qualified,/initial_fit/balanced_accuracy,0.3333333333333333,research/legacy/LEGACY-M2-CONTEXT/manifests/m2_status.json,6ad7c3002def098619ca107ec8575105d433fd12effddb432aae708fae23818c,False,False
LEGACY-M2-CONTEXT,M2,calibration_not_qualified,/initial_monitor/accuracy,0.33458646616541354,research/legacy/LEGACY-M2-CONTEXT/manifests/m2_status.json,6ad7c3002def098619ca107ec8575105d433fd12effddb432aae708fae23818c,False,False
LEGACY-M2-CONTEXT,M2,calibration_not_qualified,/initial_monitor/balanced_accuracy,0.3333333333333333,research/legacy/LEGACY-M2-CONTEXT/manifests/m2_status.json,6ad7c3002def098619ca107ec8575105d433fd12effddb432aae708fae23818c,False,False
LEGACY-M2-CONTEXT,M2,calibration_not_qualified,/final_fit/accuracy,0.4640804597701149,research/legacy/LEGACY-M2-CONTEXT/manifests/m2_status.json,6ad7c3002def098619ca107ec8575105d433fd12effddb432aae708fae23818c,False,False
LEGACY-M2-CONTEXT,M2,calibration_not_qualified,/final_fit/balanced_accuracy,0.466507332004751,research/legacy/LEGACY-M2-CONTEXT/manifests/m2_status.json,6ad7c3002def098619ca107ec8575105d433fd12effddb432aae708fae23818c,False,False
LEGACY-M2-CONTEXT,M2,calibration_not_qualified,/final_monitor/accuracy,0.3533834586466165,research/legacy/LEGACY-M2-CONTEXT/manifests/m2_status.json,6ad7c3002def098619ca107ec8575105d433fd12effddb432aae708fae23818c,False,False
LEGACY-M2-CONTEXT,M2,calibration_not_qualified,/final_monitor/balanced_accuracy,0.35229400749063666,research/legacy/LEGACY-M2-CONTEXT/manifests/m2_status.json,6ad7c3002def098619ca107ec8575105d433fd12effddb432aae708fae23818c,False,False
LEGACY-M2-CONTEXT,M2,calibration_not_qualified,/final_checks/balanced_accuracy,false,research/legacy/LEGACY-M2-CONTEXT/manifests/m2_status.json,6ad7c3002def098619ca107ec8575105d433fd12effddb432aae708fae23818c,False,False
LEGACY-M2-CONTEXT,M2,calibration_not_qualified,/engineering_acceptance/records/0/tests,93,research/legacy/LEGACY-M2-CONTEXT/manifests/m2_status.json,6ad7c3002def098619ca107ec8575105d433fd12effddb432aae708fae23818c,False,False
LEGACY-M2-CONTEXT,M2,calibration_not_qualified,/engineering_acceptance/records/0/failures,0,research/legacy/LEGACY-M2-CONTEXT/manifests/m2_status.json,6ad7c3002def098619ca107ec8575105d433fd12effddb432aae708fae23818c,False,False
LEGACY-M2-CONTEXT,M2,calibration_not_qualified,/engineering_acceptance/records/0/errors,0,research/legacy/LEGACY-M2-CONTEXT/manifests/m2_status.json,6ad7c3002def098619ca107ec8575105d433fd12effddb432aae708fae23818c,False,False
LEGACY-M2-CONTEXT,M2,calibration_not_qualified,/engineering_acceptance/records/0/skipped,0,research/legacy/LEGACY-M2-CONTEXT/manifests/m2_status.json,6ad7c3002def098619ca107ec8575105d433fd12effddb432aae708fae23818c,False,False
LEGACY-M2-CONTEXT,M2,calibration_not_qualified,/engineering_acceptance/records/1/tests,2,research/legacy/LEGACY-M2-CONTEXT/manifests/m2_status.json,6ad7c3002def098619ca107ec8575105d433fd12effddb432aae708fae23818c,False,False
LEGACY-M2-CONTEXT,M2,calibration_not_qualified,/engineering_acceptance/records/1/failures,0,research/legacy/LEGACY-M2-CONTEXT/manifests/m2_status.json,6ad7c3002def098619ca107ec8575105d433fd12effddb432aae708fae23818c,False,False
LEGACY-M2-CONTEXT,M2,calibration_not_qualified,/engineering_acceptance/records/1/errors,0,research/legacy/LEGACY-M2-CONTEXT/manifests/m2_status.json,6ad7c3002def098619ca107ec8575105d433fd12effddb432aae708fae23818c,False,False
LEGACY-M2-CONTEXT,M2,calibration_not_qualified,/engineering_acceptance/records/1/skipped,0,research/legacy/LEGACY-M2-CONTEXT/manifests/m2_status.json,6ad7c3002def098619ca107ec8575105d433fd12effddb432aae708fae23818c,False,False
LEGACY-M2-CONTEXT,M2,calibration_not_qualified,/engineering_acceptance/records/2/tests,4,research/legacy/LEGACY-M2-CONTEXT/manifests/m2_status.json,6ad7c3002def098619ca107ec8575105d433fd12effddb432aae708fae23818c,False,False
LEGACY-M2-CONTEXT,M2,calibration_not_qualified,/engineering_acceptance/records/2/failures,0,research/legacy/LEGACY-M2-CONTEXT/manifests/m2_status.json,6ad7c3002def098619ca107ec8575105d433fd12effddb432aae708fae23818c,False,False
LEGACY-M2-CONTEXT,M2,calibration_not_qualified,/engineering_acceptance/records/2/errors,0,research/legacy/LEGACY-M2-CONTEXT/manifests/m2_status.json,6ad7c3002def098619ca107ec8575105d433fd12effddb432aae708fae23818c,False,False
LEGACY-M2-CONTEXT,M2,calibration_not_qualified,/engineering_acceptance/records/2/skipped,0,research/legacy/LEGACY-M2-CONTEXT/manifests/m2_status.json,6ad7c3002def098619ca107ec8575105d433fd12effddb432aae708fae23818c,False,False
LEGACY-M2-DIAGNOSTIC,M2,diagnostic_only,/results/token_true/initial_monitor/accuracy,0.33458646616541354,research/legacy/LEGACY-M2-DIAGNOSTIC/manifests/m2_diagnostic.json,d8d69f0f96c85f09fccaccb3074d5abe04043f539b65d4da74d7871c412cafd8,False,False
LEGACY-M2-DIAGNOSTIC,M2,diagnostic_only,/results/token_true/initial_monitor/balanced_accuracy,0.3333333333333333,research/legacy/LEGACY-M2-DIAGNOSTIC/manifests/m2_diagnostic.json,d8d69f0f96c85f09fccaccb3074d5abe04043f539b65d4da74d7871c412cafd8,False,False
LEGACY-M2-DIAGNOSTIC,M2,diagnostic_only,/results/token_true/final_fit/accuracy,0.4442528735632184,research/legacy/LEGACY-M2-DIAGNOSTIC/manifests/m2_diagnostic.json,d8d69f0f96c85f09fccaccb3074d5abe04043f539b65d4da74d7871c412cafd8,False,False
LEGACY-M2-DIAGNOSTIC,M2,diagnostic_only,/results/token_true/final_fit/balanced_accuracy,0.4459303667139673,research/legacy/LEGACY-M2-DIAGNOSTIC/manifests/m2_diagnostic.json,d8d69f0f96c85f09fccaccb3074d5abe04043f539b65d4da74d7871c412cafd8,False,False
LEGACY-M2-DIAGNOSTIC,M2,diagnostic_only,/results/token_true/final_monitor/accuracy,0.3383458646616541,research/legacy/LEGACY-M2-DIAGNOSTIC/manifests/m2_diagnostic.json,d8d69f0f96c85f09fccaccb3074d5abe04043f539b65d4da74d7871c412cafd8,False,False
LEGACY-M2-DIAGNOSTIC,M2,diagnostic_only,/results/token_true/final_monitor/balanced_accuracy,0.3386419149975574,research/legacy/LEGACY-M2-DIAGNOSTIC/manifests/m2_diagnostic.json,d8d69f0f96c85f09fccaccb3074d5abe04043f539b65d4da74d7871c412cafd8,False,False
LEGACY-M2-DIAGNOSTIC,M2,diagnostic_only,/results/token_shuffled/initial_monitor/accuracy,0.33458646616541354,research/legacy/LEGACY-M2-DIAGNOSTIC/manifests/m2_diagnostic.json,d8d69f0f96c85f09fccaccb3074d5abe04043f539b65d4da74d7871c412cafd8,False,False
LEGACY-M2-DIAGNOSTIC,M2,diagnostic_only,/results/token_shuffled/initial_monitor/balanced_accuracy,0.3333333333333333,research/legacy/LEGACY-M2-DIAGNOSTIC/manifests/m2_diagnostic.json,d8d69f0f96c85f09fccaccb3074d5abe04043f539b65d4da74d7871c412cafd8,False,False
LEGACY-M2-DIAGNOSTIC,M2,diagnostic_only,/results/token_shuffled/final_fit/accuracy,0.3482758620689655,research/legacy/LEGACY-M2-DIAGNOSTIC/manifests/m2_diagnostic.json,d8d69f0f96c85f09fccaccb3074d5abe04043f539b65d4da74d7871c412cafd8,False,False
LEGACY-M2-DIAGNOSTIC,M2,diagnostic_only,/results/token_shuffled/final_fit/balanced_accuracy,0.3506493282272796,research/legacy/LEGACY-M2-DIAGNOSTIC/manifests/m2_diagnostic.json,d8d69f0f96c85f09fccaccb3074d5abe04043f539b65d4da74d7871c412cafd8,False,False
LEGACY-M2-DIAGNOSTIC,M2,diagnostic_only,/results/token_shuffled/final_monitor/accuracy,0.3308270676691729,research/legacy/LEGACY-M2-DIAGNOSTIC/manifests/m2_diagnostic.json,d8d69f0f96c85f09fccaccb3074d5abe04043f539b65d4da74d7871c412cafd8,False,False
LEGACY-M2-DIAGNOSTIC,M2,diagnostic_only,/results/token_shuffled/final_monitor/balanced_accuracy,0.33018884642278995,research/legacy/LEGACY-M2-DIAGNOSTIC/manifests/m2_diagnostic.json,d8d69f0f96c85f09fccaccb3074d5abe04043f539b65d4da74d7871c412cafd8,False,False
LEGACY-M2-DIAGNOSTIC,M2,diagnostic_only,/results/contextual_true/initial_monitor/accuracy,0.33458646616541354,research/legacy/LEGACY-M2-DIAGNOSTIC/manifests/m2_diagnostic.json,d8d69f0f96c85f09fccaccb3074d5abe04043f539b65d4da74d7871c412cafd8,False,False
LEGACY-M2-DIAGNOSTIC,M2,diagnostic_only,/results/contextual_true/initial_monitor/balanced_accuracy,0.3333333333333333,research/legacy/LEGACY-M2-DIAGNOSTIC/manifests/m2_diagnostic.json,d8d69f0f96c85f09fccaccb3074d5abe04043f539b65d4da74d7871c412cafd8,False,False
LEGACY-M2-DIAGNOSTIC,M2,diagnostic_only,/results/contextual_true/final_fit/accuracy,0.4640804597701149,research/legacy/LEGACY-M2-DIAGNOSTIC/manifests/m2_diagnostic.json,d8d69f0f96c85f09fccaccb3074d5abe04043f539b65d4da74d7871c412cafd8,False,False
LEGACY-M2-DIAGNOSTIC,M2,diagnostic_only,/results/contextual_true/final_fit/balanced_accuracy,0.466507332004751,research/legacy/LEGACY-M2-DIAGNOSTIC/manifests/m2_diagnostic.json,d8d69f0f96c85f09fccaccb3074d5abe04043f539b65d4da74d7871c412cafd8,False,False
LEGACY-M2-DIAGNOSTIC,M2,diagnostic_only,/results/contextual_true/final_monitor/accuracy,0.3533834586466165,research/legacy/LEGACY-M2-DIAGNOSTIC/manifests/m2_diagnostic.json,d8d69f0f96c85f09fccaccb3074d5abe04043f539b65d4da74d7871c412cafd8,False,False
LEGACY-M2-DIAGNOSTIC,M2,diagnostic_only,/results/contextual_true/final_monitor/balanced_accuracy,0.35229400749063666,research/legacy/LEGACY-M2-DIAGNOSTIC/manifests/m2_diagnostic.json,d8d69f0f96c85f09fccaccb3074d5abe04043f539b65d4da74d7871c412cafd8,False,False
LEGACY-M2-DIAGNOSTIC,M2,diagnostic_only,/results/contextual_shuffled/initial_monitor/accuracy,0.33458646616541354,research/legacy/LEGACY-M2-DIAGNOSTIC/manifests/m2_diagnostic.json,d8d69f0f96c85f09fccaccb3074d5abe04043f539b65d4da74d7871c412cafd8,False,False
LEGACY-M2-DIAGNOSTIC,M2,diagnostic_only,/results/contextual_shuffled/initial_monitor/balanced_accuracy,0.3333333333333333,research/legacy/LEGACY-M2-DIAGNOSTIC/manifests/m2_diagnostic.json,d8d69f0f96c85f09fccaccb3074d5abe04043f539b65d4da74d7871c412cafd8,False,False
LEGACY-M2-DIAGNOSTIC,M2,diagnostic_only,/results/contextual_shuffled/final_fit/accuracy,0.33936781609195404,research/legacy/LEGACY-M2-DIAGNOSTIC/manifests/m2_diagnostic.json,d8d69f0f96c85f09fccaccb3074d5abe04043f539b65d4da74d7871c412cafd8,False,False
LEGACY-M2-DIAGNOSTIC,M2,diagnostic_only,/results/contextual_shuffled/final_fit/balanced_accuracy,0.3400475493025216,research/legacy/LEGACY-M2-DIAGNOSTIC/manifests/m2_diagnostic.json,d8d69f0f96c85f09fccaccb3074d5abe04043f539b65d4da74d7871c412cafd8,False,False
LEGACY-M2-DIAGNOSTIC,M2,diagnostic_only,/results/contextual_shuffled/final_monitor/accuracy,0.3449248120300752,research/legacy/LEGACY-M2-DIAGNOSTIC/manifests/m2_diagnostic.json,d8d69f0f96c85f09fccaccb3074d5abe04043f539b65d4da74d7871c412cafd8,False,False
LEGACY-M2-DIAGNOSTIC,M2,diagnostic_only,/results/contextual_shuffled/final_monitor/balanced_accuracy,0.34457515541634337,research/legacy/LEGACY-M2-DIAGNOSTIC/manifests/m2_diagnostic.json,d8d69f0f96c85f09fccaccb3074d5abe04043f539b65d4da74d7871c412cafd8,False,False
LEGACY-M2-DIAGNOSTIC,M2,diagnostic_only,/results/pair_true/initial_monitor/accuracy,0.33458646616541354,research/legacy/LEGACY-M2-DIAGNOSTIC/manifests/m2_diagnostic.json,d8d69f0f96c85f09fccaccb3074d5abe04043f539b65d4da74d7871c412cafd8,False,False
LEGACY-M2-DIAGNOSTIC,M2,diagnostic_only,/results/pair_true/initial_monitor/balanced_accuracy,0.3335977087464199,research/legacy/LEGACY-M2-DIAGNOSTIC/manifests/m2_diagnostic.json,d8d69f0f96c85f09fccaccb3074d5abe04043f539b65d4da74d7871c412cafd8,False,False
LEGACY-M2-DIAGNOSTIC,M2,diagnostic_only,/results/pair_true/final_fit/accuracy,0.6709770114942529,research/legacy/LEGACY-M2-DIAGNOSTIC/manifests/m2_diagnostic.json,d8d69f0f96c85f09fccaccb3074d5abe04043f539b65d4da74d7871c412cafd8,False,False
LEGACY-M2-DIAGNOSTIC,M2,diagnostic_only,/results/pair_true/final_fit/balanced_accuracy,0.6684077351834831,research/legacy/LEGACY-M2-DIAGNOSTIC/manifests/m2_diagnostic.json,d8d69f0f96c85f09fccaccb3074d5abe04043f539b65d4da74d7871c412cafd8,False,False
LEGACY-M2-DIAGNOSTIC,M2,diagnostic_only,/results/pair_true/final_monitor/accuracy,0.3956766917293233,research/legacy/LEGACY-M2-DIAGNOSTIC/manifests/m2_diagnostic.json,d8d69f0f96c85f09fccaccb3074d5abe04043f539b65d4da74d7871c412cafd8,False,False
LEGACY-M2-DIAGNOSTIC,M2,diagnostic_only,/results/pair_true/final_monitor/balanced_accuracy,0.39202371715662326,research/legacy/LEGACY-M2-DIAGNOSTIC/manifests/m2_diagnostic.json,d8d69f0f96c85f09fccaccb3074d5abe04043f539b65d4da74d7871c412cafd8,False,False
LEGACY-M2-DIAGNOSTIC,M2,diagnostic_only,/results/pair_shuffled/initial_monitor/accuracy,0.33458646616541354,research/legacy/LEGACY-M2-DIAGNOSTIC/manifests/m2_diagnostic.json,d8d69f0f96c85f09fccaccb3074d5abe04043f539b65d4da74d7871c412cafd8,False,False
LEGACY-M2-DIAGNOSTIC,M2,diagnostic_only,/results/pair_shuffled/initial_monitor/balanced_accuracy,0.3335977087464199,research/legacy/LEGACY-M2-DIAGNOSTIC/manifests/m2_diagnostic.json,d8d69f0f96c85f09fccaccb3074d5abe04043f539b65d4da74d7871c412cafd8,False,False
LEGACY-M2-DIAGNOSTIC,M2,diagnostic_only,/results/pair_shuffled/final_fit/accuracy,0.3528735632183908,research/legacy/LEGACY-M2-DIAGNOSTIC/manifests/m2_diagnostic.json,d8d69f0f96c85f09fccaccb3074d5abe04043f539b65d4da74d7871c412cafd8,False,False
LEGACY-M2-DIAGNOSTIC,M2,diagnostic_only,/results/pair_shuffled/final_fit/balanced_accuracy,0.3333333333333333,research/legacy/LEGACY-M2-DIAGNOSTIC/manifests/m2_diagnostic.json,d8d69f0f96c85f09fccaccb3074d5abe04043f539b65d4da74d7871c412cafd8,False,False
LEGACY-M2-DIAGNOSTIC,M2,diagnostic_only,/results/pair_shuffled/final_monitor/accuracy,0.3458646616541353,research/legacy/LEGACY-M2-DIAGNOSTIC/manifests/m2_diagnostic.json,d8d69f0f96c85f09fccaccb3074d5abe04043f539b65d4da74d7871c412cafd8,False,False
LEGACY-M2-DIAGNOSTIC,M2,diagnostic_only,/results/pair_shuffled/final_monitor/balanced_accuracy,0.3333333333333333,research/legacy/LEGACY-M2-DIAGNOSTIC/manifests/m2_diagnostic.json,d8d69f0f96c85f09fccaccb3074d5abe04043f539b65d4da74d7871c412cafd8,False,False
LEGACY-M2-INFORMATION,M2,diagnostic_only,/results/psi0_true/initial_monitor/accuracy,0.31203007518796994,research/legacy/LEGACY-M2-INFORMATION/manifests/m2_information.json,79c30a479b352ce2b169d02d6a32189910a63f3f29e4d141965acdca079c8305,False,False
LEGACY-M2-INFORMATION,M2,diagnostic_only,/results/psi0_true/initial_monitor/balanced_accuracy,0.3191653016849143,research/legacy/LEGACY-M2-INFORMATION/manifests/m2_information.json,79c30a479b352ce2b169d02d6a32189910a63f3f29e4d141965acdca079c8305,False,False
LEGACY-M2-INFORMATION,M2,diagnostic_only,/results/psi0_true/final_train/accuracy,0.4362068965517241,research/legacy/LEGACY-M2-INFORMATION/manifests/m2_information.json,79c30a479b352ce2b169d02d6a32189910a63f3f29e4d141965acdca079c8305,False,False
LEGACY-M2-INFORMATION,M2,diagnostic_only,/results/psi0_true/final_train/balanced_accuracy,0.4399434283675372,research/legacy/LEGACY-M2-INFORMATION/manifests/m2_information.json,79c30a479b352ce2b169d02d6a32189910a63f3f29e4d141965acdca079c8305,False,False
LEGACY-M2-INFORMATION,M2,diagnostic_only,/results/psi0_true/final_monitor/accuracy,0.3233082706766917,research/legacy/LEGACY-M2-INFORMATION/manifests/m2_information.json,79c30a479b352ce2b169d02d6a32189910a63f3f29e4d141965acdca079c8305,False,False
LEGACY-M2-INFORMATION,M2,diagnostic_only,/results/psi0_true/final_monitor/balanced_accuracy,0.32309165972202264,research/legacy/LEGACY-M2-INFORMATION/manifests/m2_information.json,79c30a479b352ce2b169d02d6a32189910a63f3f29e4d141965acdca079c8305,False,False
LEGACY-M2-INFORMATION,M2,diagnostic_only,/results/psi0_shuffled/initial_monitor/accuracy,0.37030075187969924,research/legacy/LEGACY-M2-INFORMATION/manifests/m2_information.json,79c30a479b352ce2b169d02d6a32189910a63f3f29e4d141965acdca079c8305,False,False
LEGACY-M2-INFORMATION,M2,diagnostic_only,/results/psi0_shuffled/initial_monitor/balanced_accuracy,0.37249705451306075,research/legacy/LEGACY-M2-INFORMATION/manifests/m2_information.json,79c30a479b352ce2b169d02d6a32189910a63f3f29e4d141965acdca079c8305,False,False
LEGACY-M2-INFORMATION,M2,diagnostic_only,/results/psi0_shuffled/final_train/accuracy,0.3385057471264368,research/legacy/LEGACY-M2-INFORMATION/manifests/m2_information.json,79c30a479b352ce2b169d02d6a32189910a63f3f29e4d141965acdca079c8305,False,False
LEGACY-M2-INFORMATION,M2,diagnostic_only,/results/psi0_shuffled/final_train/balanced_accuracy,0.33479049203042366,research/legacy/LEGACY-M2-INFORMATION/manifests/m2_information.json,79c30a479b352ce2b169d02d6a32189910a63f3f29e4d141965acdca079c8305,False,False
LEGACY-M2-INFORMATION,M2,diagnostic_only,/results/psi0_shuffled/final_monitor/accuracy,0.3533834586466165,research/legacy/LEGACY-M2-INFORMATION/manifests/m2_information.json,79c30a479b352ce2b169d02d6a32189910a63f3f29e4d141965acdca079c8305,False,False
LEGACY-M2-INFORMATION,M2,diagnostic_only,/results/psi0_shuffled/final_monitor/balanced_accuracy,0.3553093000756727,research/legacy/LEGACY-M2-INFORMATION/manifests/m2_information.json,79c30a479b352ce2b169d02d6a32189910a63f3f29e4d141965acdca079c8305,False,False
LEGACY-M2-INFORMATION,M2,diagnostic_only,/results/native_final_true/initial_monitor/accuracy,0.34774436090225563,research/legacy/LEGACY-M2-INFORMATION/manifests/m2_information.json,79c30a479b352ce2b169d02d6a32189910a63f3f29e4d141965acdca079c8305,False,False
LEGACY-M2-INFORMATION,M2,diagnostic_only,/results/native_final_true/initial_monitor/balanced_accuracy,0.3352941176470588,research/legacy/LEGACY-M2-INFORMATION/manifests/m2_information.json,79c30a479b352ce2b169d02d6a32189910a63f3f29e4d141965acdca079c8305,False,False
LEGACY-M2-INFORMATION,M2,diagnostic_only,/results/native_final_true/final_train/accuracy,0.4896551724137931,research/legacy/LEGACY-M2-INFORMATION/manifests/m2_information.json,79c30a479b352ce2b169d02d6a32189910a63f3f29e4d141965acdca079c8305,False,False
LEGACY-M2-INFORMATION,M2,diagnostic_only,/results/native_final_true/final_train/balanced_accuracy,0.48266752799806634,research/legacy/LEGACY-M2-INFORMATION/manifests/m2_information.json,79c30a479b352ce2b169d02d6a32189910a63f3f29e4d141965acdca079c8305,False,False
LEGACY-M2-INFORMATION,M2,diagnostic_only,/results/native_final_true/final_monitor/accuracy,0.4191729323308271,research/legacy/LEGACY-M2-INFORMATION/manifests/m2_information.json,79c30a479b352ce2b169d02d6a32189910a63f3f29e4d141965acdca079c8305,False,False
LEGACY-M2-INFORMATION,M2,diagnostic_only,/results/native_final_true/final_monitor/balanced_accuracy,0.4141596501815186,research/legacy/LEGACY-M2-INFORMATION/manifests/m2_information.json,79c30a479b352ce2b169d02d6a32189910a63f3f29e4d141965acdca079c8305,False,False
LEGACY-M2-INFORMATION,M2,diagnostic_only,/results/native_final_shuffled/initial_monitor/accuracy,0.34022556390977443,research/legacy/LEGACY-M2-INFORMATION/manifests/m2_information.json,79c30a479b352ce2b169d02d6a32189910a63f3f29e4d141965acdca079c8305,False,False
LEGACY-M2-INFORMATION,M2,diagnostic_only,/results/native_final_shuffled/initial_monitor/balanced_accuracy,0.3284276607565351,research/legacy/LEGACY-M2-INFORMATION/manifests/m2_information.json,79c30a479b352ce2b169d02d6a32189910a63f3f29e4d141965acdca079c8305,False,False
LEGACY-M2-INFORMATION,M2,diagnostic_only,/results/native_final_shuffled/final_train/accuracy,0.35201149425287354,research/legacy/LEGACY-M2-INFORMATION/manifests/m2_information.json,79c30a479b352ce2b169d02d6a32189910a63f3f29e4d141965acdca079c8305,False,False
LEGACY-M2-INFORMATION,M2,diagnostic_only,/results/native_final_shuffled/final_train/balanced_accuracy,0.3325190010857763,research/legacy/LEGACY-M2-INFORMATION/manifests/m2_information.json,79c30a479b352ce2b169d02d6a32189910a63f3f29e4d141965acdca079c8305,False,False
LEGACY-M2-INFORMATION,M2,diagnostic_only,/results/native_final_shuffled/final_monitor/accuracy,0.3458646616541353,research/legacy/LEGACY-M2-INFORMATION/manifests/m2_information.json,79c30a479b352ce2b169d02d6a32189910a63f3f29e4d141965acdca079c8305,False,False
LEGACY-M2-INFORMATION,M2,diagnostic_only,/results/native_final_shuffled/final_monitor/balanced_accuracy,0.3333333333333333,research/legacy/LEGACY-M2-INFORMATION/manifests/m2_information.json,79c30a479b352ce2b169d02d6a32189910a63f3f29e4d141965acdca079c8305,False,False
LEGACY-M2-INFORMATION,M2,diagnostic_only,/results/native_history_true/initial_monitor/accuracy,0.3458646616541353,research/legacy/LEGACY-M2-INFORMATION/manifests/m2_information.json,79c30a479b352ce2b169d02d6a32189910a63f3f29e4d141965acdca079c8305,False,False
LEGACY-M2-INFORMATION,M2,diagnostic_only,/results/native_history_true/initial_monitor/balanced_accuracy,0.3333333333333333,research/legacy/LEGACY-M2-INFORMATION/manifests/m2_information.json,79c30a479b352ce2b169d02d6a32189910a63f3f29e4d141965acdca079c8305,False,False
LEGACY-M2-INFORMATION,M2,diagnostic_only,/results/native_history_true/final_train/accuracy,0.582471264367816,research/legacy/LEGACY-M2-INFORMATION/manifests/m2_information.json,79c30a479b352ce2b169d02d6a32189910a63f3f29e4d141965acdca079c8305,False,False
LEGACY-M2-INFORMATION,M2,diagnostic_only,/results/native_history_true/final_train/balanced_accuracy,0.5845814108898817,research/legacy/LEGACY-M2-INFORMATION/manifests/m2_information.json,79c30a479b352ce2b169d02d6a32189910a63f3f29e4d141965acdca079c8305,False,False
LEGACY-M2-INFORMATION,M2,diagnostic_only,/results/native_history_true/final_monitor/accuracy,0.42199248120300753,research/legacy/LEGACY-M2-INFORMATION/manifests/m2_information.json,79c30a479b352ce2b169d02d6a32189910a63f3f29e4d141965acdca079c8305,False,False
LEGACY-M2-INFORMATION,M2,diagnostic_only,/results/native_history_true/final_monitor/balanced_accuracy,0.42309620966119715,research/legacy/LEGACY-M2-INFORMATION/manifests/m2_information.json,79c30a479b352ce2b169d02d6a32189910a63f3f29e4d141965acdca079c8305,False,False
LEGACY-M2-INFORMATION,M2,diagnostic_only,/results/native_history_shuffled/initial_monitor/accuracy,0.31203007518796994,research/legacy/LEGACY-M2-INFORMATION/manifests/m2_information.json,79c30a479b352ce2b169d02d6a32189910a63f3f29e4d141965acdca079c8305,False,False
LEGACY-M2-INFORMATION,M2,diagnostic_only,/results/native_history_shuffled/initial_monitor/balanced_accuracy,0.31120003448374955,research/legacy/LEGACY-M2-INFORMATION/manifests/m2_information.json,79c30a479b352ce2b169d02d6a32189910a63f3f29e4d141965acdca079c8305,False,False
LEGACY-M2-INFORMATION,M2,diagnostic_only,/results/native_history_shuffled/final_train/accuracy,0.3307471264367816,research/legacy/LEGACY-M2-INFORMATION/manifests/m2_information.json,79c30a479b352ce2b169d02d6a32189910a63f3f29e4d141965acdca079c8305,False,False
LEGACY-M2-INFORMATION,M2,diagnostic_only,/results/native_history_shuffled/final_train/balanced_accuracy,0.3361294848564073,research/legacy/LEGACY-M2-INFORMATION/manifests/m2_information.json,79c30a479b352ce2b169d02d6a32189910a63f3f29e4d141965acdca079c8305,False,False
LEGACY-M2-INFORMATION,M2,diagnostic_only,/results/native_history_shuffled/final_monitor/accuracy,0.29605263157894735,research/legacy/LEGACY-M2-INFORMATION/manifests/m2_information.json,79c30a479b352ce2b169d02d6a32189910a63f3f29e4d141965acdca079c8305,False,False
LEGACY-M2-INFORMATION,M2,diagnostic_only,/results/native_history_shuffled/final_monitor/balanced_accuracy,0.29401706945601885,research/legacy/LEGACY-M2-INFORMATION/manifests/m2_information.json,79c30a479b352ce2b169d02d6a32189910a63f3f29e4d141965acdca079c8305,False,False
LEGACY-M2-PROPOSAL,M2,diagnostic_only,/results/proposal_true/initial_monitor/accuracy,0.6804511278195489,research/legacy/LEGACY-M2-PROPOSAL/manifests/m2_proposal.json,b01fc477f442df13131d8a735d4e192802814d5a523ed53939625825a8ba9e36,False,False
LEGACY-M2-PROPOSAL,M2,diagnostic_only,/results/proposal_true/initial_monitor/balanced_accuracy,0.6666666666666666,research/legacy/LEGACY-M2-PROPOSAL/manifests/m2_proposal.json,b01fc477f442df13131d8a735d4e192802814d5a523ed53939625825a8ba9e36,False,False
LEGACY-M2-PROPOSAL,M2,diagnostic_only,/results/proposal_true/final_train/accuracy,1.0,research/legacy/LEGACY-M2-PROPOSAL/manifests/m2_proposal.json,b01fc477f442df13131d8a735d4e192802814d5a523ed53939625825a8ba9e36,False,False
LEGACY-M2-PROPOSAL,M2,diagnostic_only,/results/proposal_true/final_train/balanced_accuracy,1.0,research/legacy/LEGACY-M2-PROPOSAL/manifests/m2_proposal.json,b01fc477f442df13131d8a735d4e192802814d5a523ed53939625825a8ba9e36,False,False
LEGACY-M2-PROPOSAL,M2,diagnostic_only,/results/proposal_true/final_monitor/accuracy,1.0,research/legacy/LEGACY-M2-PROPOSAL/manifests/m2_proposal.json,b01fc477f442df13131d8a735d4e192802814d5a523ed53939625825a8ba9e36,False,False
LEGACY-M2-PROPOSAL,M2,diagnostic_only,/results/proposal_true/final_monitor/balanced_accuracy,1.0,research/legacy/LEGACY-M2-PROPOSAL/manifests/m2_proposal.json,b01fc477f442df13131d8a735d4e192802814d5a523ed53939625825a8ba9e36,False,False
LEGACY-M2-PROPOSAL,M2,diagnostic_only,/results/proposal_shuffled/initial_monitor/accuracy,0.020676691729323307,research/legacy/LEGACY-M2-PROPOSAL/manifests/m2_proposal.json,b01fc477f442df13131d8a735d4e192802814d5a523ed53939625825a8ba9e36,False,False
LEGACY-M2-PROPOSAL,M2,diagnostic_only,/results/proposal_shuffled/initial_monitor/balanced_accuracy,0.020599250936329586,research/legacy/LEGACY-M2-PROPOSAL/manifests/m2_proposal.json,b01fc477f442df13131d8a735d4e192802814d5a523ed53939625825a8ba9e36,False,False
LEGACY-M2-PROPOSAL,M2,diagnostic_only,/results/proposal_shuffled/final_train/accuracy,0.35402298850574715,research/legacy/LEGACY-M2-PROPOSAL/manifests/m2_proposal.json,b01fc477f442df13131d8a735d4e192802814d5a523ed53939625825a8ba9e36,False,False
LEGACY-M2-PROPOSAL,M2,diagnostic_only,/results/proposal_shuffled/final_train/balanced_accuracy,0.33460326960631975,research/legacy/LEGACY-M2-PROPOSAL/manifests/m2_proposal.json,b01fc477f442df13131d8a735d4e192802814d5a523ed53939625825a8ba9e36,False,False
LEGACY-M2-PROPOSAL,M2,diagnostic_only,/results/proposal_shuffled/final_monitor/accuracy,0.3458646616541353,research/legacy/LEGACY-M2-PROPOSAL/manifests/m2_proposal.json,b01fc477f442df13131d8a735d4e192802814d5a523ed53939625825a8ba9e36,False,False
LEGACY-M2-PROPOSAL,M2,diagnostic_only,/results/proposal_shuffled/final_monitor/balanced_accuracy,0.3333333333333333,research/legacy/LEGACY-M2-PROPOSAL/manifests/m2_proposal.json,b01fc477f442df13131d8a735d4e192802814d5a523ed53939625825a8ba9e36,False,False
LEGACY-M2-Q-SHADOW,M2,disconnected_shadow_audit_only,/max_pi_normalization_error,1.1920928955078125e-07,research/legacy/LEGACY-M2-Q-SHADOW/manifests/m2_q_shadow.json,f3fdf2d3f27f92603e8488a8db8f299c3893e6a227104cc722917a8062af547c,False,False
LEGACY-M2-Q-CALIBRATION,M2,metrics_passed_handoff_incomplete,/initial_monitor/accuracy,0.33458646616541354,research/legacy/LEGACY-M2-Q-CALIBRATION/manifests/m2_q_calibration.json,cc0c6cb480cfa95824c4658e1a2d5b23969cb959294e495f1a225ae04645ebd4,False,False
LEGACY-M2-Q-CALIBRATION,M2,metrics_passed_handoff_incomplete,/initial_monitor/balanced_accuracy,0.3333333333333333,research/legacy/LEGACY-M2-Q-CALIBRATION/manifests/m2_q_calibration.json,cc0c6cb480cfa95824c4658e1a2d5b23969cb959294e495f1a225ae04645ebd4,False,False
LEGACY-M2-Q-CALIBRATION,M2,metrics_passed_handoff_incomplete,/final_fit/accuracy,0.8293103448275863,research/legacy/LEGACY-M2-Q-CALIBRATION/manifests/m2_q_calibration.json,cc0c6cb480cfa95824c4658e1a2d5b23969cb959294e495f1a225ae04645ebd4,False,False
LEGACY-M2-Q-CALIBRATION,M2,metrics_passed_handoff_incomplete,/final_fit/balanced_accuracy,0.8296794918172147,research/legacy/LEGACY-M2-Q-CALIBRATION/manifests/m2_q_calibration.json,cc0c6cb480cfa95824c4658e1a2d5b23969cb959294e495f1a225ae04645ebd4,False,False
LEGACY-M2-Q-CALIBRATION,M2,metrics_passed_handoff_incomplete,/final_monitor/accuracy,0.8120300751879699,research/legacy/LEGACY-M2-Q-CALIBRATION/manifests/m2_q_calibration.json,cc0c6cb480cfa95824c4658e1a2d5b23969cb959294e495f1a225ae04645ebd4,False,False
LEGACY-M2-Q-CALIBRATION,M2,metrics_passed_handoff_incomplete,/final_monitor/balanced_accuracy,0.8121603111200514,research/legacy/LEGACY-M2-Q-CALIBRATION/manifests/m2_q_calibration.json,cc0c6cb480cfa95824c4658e1a2d5b23969cb959294e495f1a225ae04645ebd4,False,False
LEGACY-M2-Q-CALIBRATION,M2,metrics_passed_handoff_incomplete,/final_checks/balanced_accuracy,true,research/legacy/LEGACY-M2-Q-CALIBRATION/manifests/m2_q_calibration.json,cc0c6cb480cfa95824c4658e1a2d5b23969cb959294e495f1a225ae04645ebd4,False,False
LEGACY-M2-Q-CALIBRATION,M2,metrics_passed_handoff_incomplete,/shuffled_initial_monitor/accuracy,0.33458646616541354,research/legacy/LEGACY-M2-Q-CALIBRATION/manifests/m2_q_calibration.json,cc0c6cb480cfa95824c4658e1a2d5b23969cb959294e495f1a225ae04645ebd4,False,False
LEGACY-M2-Q-CALIBRATION,M2,metrics_passed_handoff_incomplete,/shuffled_initial_monitor/balanced_accuracy,0.3333333333333333,research/legacy/LEGACY-M2-Q-CALIBRATION/manifests/m2_q_calibration.json,cc0c6cb480cfa95824c4658e1a2d5b23969cb959294e495f1a225ae04645ebd4,False,False
LEGACY-M2-Q-CALIBRATION,M2,metrics_passed_handoff_incomplete,/shuffled_final_monitor/accuracy,0.32142857142857145,research/legacy/LEGACY-M2-Q-CALIBRATION/manifests/m2_q_calibration.json,cc0c6cb480cfa95824c4658e1a2d5b23969cb959294e495f1a225ae04645ebd4,False,False
LEGACY-M2-Q-CALIBRATION,M2,metrics_passed_handoff_incomplete,/shuffled_final_monitor/balanced_accuracy,0.3218691629069801,research/legacy/LEGACY-M2-Q-CALIBRATION/manifests/m2_q_calibration.json,cc0c6cb480cfa95824c4658e1a2d5b23969cb959294e495f1a225ae04645ebd4,False,False
