abstention_rate,accuracy,boundary_exact,candidate_exact,cohort,counterfactual_pair_exact,curvature_gradient_mean_abs,curvature_proxy_mean,curvature_proxy_negative_fraction,data_seed,effective_action_mae,effective_batch_size,event_chain_exact,event_selection_overflow_rate,event_spectral_effective_rank,event_spectral_entropy,event_spectral_gap,event_spectral_world_diversity,event_world_direct_path_coverage,event_world_path_coverage,examples,geodesic_closure_non_degradation_rate,inference_seconds,measured_action_accuracy,measured_boundary_accuracy,measured_cone_accuracy,measured_event_exact,measured_terminal_accuracy,measured_transport_accuracy,model,optimization_seed,payload_conservation_residual,program_event_precision,program_event_recall,selected_event_recall,source_accuracy,supported_accuracy,typed_conservation_residual,unsupported_error_rate,unsupported_examples,world_geometry_diversity,world_usage_entropy
0.0967741935483871,1.0,1.0,1.0,train_id,1.0,0.035882933996617794,-0.9382409900426865,0.8271813318133354,16301,0.01755290550570334,8.0,1.0,0.0,1.0,7.45432043371584e-16,2.0,0.0,1.0,1.0,62.0,1.0,1.9685885579997375,1.0,1.0,1.0,1.0,1.0,1.0,native_ergt,12011,2.384185791015625e-07,1.0,1.0,1.0,1.0,1.0,0.0,0.0,6.0,0.6400974094867706,0.7013826370239258
0.0967741935483871,1.0,,,train_id,1.0,,,,16301,,,,,,,,,,,62.0,,0.06542567199994664,,,,,,,direct_transformer,12011,,,,,,1.0,,0.0,6.0,,
0.0,1.0,1.0,1.0,validation,1.0,0.03602828343327229,-0.9191810351151687,0.7933681698945853,16301,0.013295776989995216,8.0,1.0,0.0,1.0,6.277341604826083e-16,2.0,0.0,1.0,1.0,98.0,1.0,2.9096588590000465,1.0,1.0,1.0,1.0,1.0,1.0,native_ergt,12011,2.384185791015625e-07,1.0,1.0,1.0,1.0,1.0,0.0,0.0,0.0,0.624642537190364,0.7066022616166335
0.02040816326530612,0.4897959183673469,,,validation,0.2857142857142857,,,,16301,,,,,,,,,,,98.0,,0.10232873899985861,,,,,,,direct_transformer,12011,,,,,,0.4897959183673469,,0.0,0.0,,
0.0,1.0,1.0,1.0,hop_4,1.0,0.019084672842706953,-0.9563092078481402,0.8565739818981716,16301,0.00510518705206258,8.0,1.0,0.0,4.558756385530744,0.6398002420152936,0.3318716883659363,0.2503334241253989,1.0,1.0,56.0,1.0,1.90328426699989,1.0,1.0,1.0,1.0,1.0,1.0,native_ergt,12011,2.384185791015625e-07,1.0,1.0,1.0,1.0,1.0,0.0,0.0,0.0,0.641552380153111,0.7044791664396014
0.10714285714285714,0.44642857142857145,,,hop_4,0.0,,,,16301,,,,,,,,,,,56.0,,0.07039725399999952,,,,,,,direct_transformer,12011,,,,,,0.44642857142857145,,0.0,0.0,,
0.0,1.0,1.0,1.0,hop_8,1.0,0.013370200858584471,-0.9646031601088387,0.8769361291612897,16301,0.005185840651392937,8.0,1.0,0.0,9.559886659894671,0.721798198563712,0.3034196325710842,0.3043081930705479,1.0,1.0,56.0,1.0,2.6578172540002925,1.0,1.0,1.0,1.0,1.0,1.0,native_ergt,12011,2.384185791015625e-07,1.0,1.0,1.0,1.0,1.0,0.0,0.0,0.0,0.6535933017730713,0.7069545132773263
0.32142857142857145,0.3392857142857143,,,hop_8,0.0,,,,16301,,,,,,,,,,,56.0,,0.102276582000286,,,,,,,direct_transformer,12011,,,,,,0.3392857142857143,,0.0,0.0,,
0.0,1.0,1.0,1.0,hop_12,1.0,0.012982806456940514,-0.9655937382153102,0.8820941277912685,16301,0.01946296782365867,8.0,1.0,0.0,17.976293563842773,0.8678398472922189,0.3224454138960157,0.39919707604816984,0.9895833333333333,1.0,56.0,1.0,4.326532195999789,1.0,1.0,1.0,1.0,1.0,1.0,native_ergt,12011,2.384185791015625e-07,1.0,1.0,1.0,1.0,1.0,0.0,0.0,0.0,0.6580147913524083,0.7238400323050362
0.0,0.5,,,hop_12,0.0,,,,16301,,,,,,,,,,,56.0,,0.09176045699996394,,,,,,,direct_transformer,12011,,,,,,0.5,,0.0,0.0,,
0.0,1.0,1.0,1.0,hop_16,1.0,0.01336758996226958,-0.9682372382708958,0.8904550841876439,16301,0.04645612087499883,8.0,1.0,0.0,26.42443765912737,0.9355159231594631,0.22596465264047896,0.39195054343768526,0.9341517857142857,1.0,56.0,1.0,5.718140795000181,1.0,1.0,1.0,1.0,1.0,1.0,native_ergt,12011,2.384185791015625e-07,1.0,1.0,1.0,1.0,1.0,0.0,0.0,0.0,0.6597007513046265,0.7403428980282375
0.0,0.5178571428571429,,,hop_16,0.03571428571428571,,,,16301,,,,,,,,,,,56.0,,0.11357407500008776,,,,,,,direct_transformer,12011,,,,,,0.5178571428571429,,0.0,0.0,,
0.07142857142857142,0.9107142857142857,0.8214285714285714,1.0,hop_24,0.8214285714285714,0.012198151754481452,-0.9684184108461652,0.8800362263407026,16301,0.061465036833570116,8.0,1.0,0.0,42.48994772774832,0.9663455315998623,0.0936112031340599,0.28873035311698914,0.759672619047619,1.0,56.0,1.0,10.568955569000082,1.0,1.0,1.0,1.0,1.0,1.0,native_ergt,12011,2.384185791015625e-07,1.0,1.0,1.0,1.0,0.9107142857142857,0.0,0.0,0.0,0.6544809937477112,0.7762366618428912
0.0,0.5,,,hop_24,0.0,,,,16301,,,,,,,,,,,56.0,,0.1703598880003483,,,,,,,direct_transformer,12011,,,,,,0.5,,0.0,0.0,,
0.21428571428571427,0.7857142857142857,0.7142857142857143,1.0,hop_32,0.7142857142857143,0.013000302870447436,-0.9711616237958273,0.8940204580624899,16301,0.05745054809709212,5.0,1.0,0.0,57.3627077738444,0.972146525979042,0.028257887267197173,0.41152796770135563,0.6397879464285714,1.0,56.0,1.0,16.18078818799995,1.0,1.0,1.0,1.0,1.0,1.0,native_ergt,12011,2.384185791015625e-07,1.0,1.0,1.0,1.0,0.7857142857142857,0.0,0.0,0.0,0.6530675739049911,0.7831119497617086
0.0,0.48214285714285715,,,hop_32,0.0,,,,16301,,,,,,,,,,,56.0,,0.2700037650001832,,,,,,,direct_transformer,12011,,,,,,0.48214285714285715,,0.0,0.0,,
0.0,1.0,1.0,1.0,context_128_hop_4,1.0,0.02057962343096733,-0.9546555638313293,0.849265193939209,16301,0.006504362635314465,8.0,1.0,0.0,4.827520561218262,0.6759838342666626,0.3770124316215515,0.23034044802188874,1.0,1.0,40.0,1.0,1.3314197069998954,1.0,1.0,1.0,1.0,1.0,1.0,native_ergt,12011,2.384185791015625e-07,1.0,1.0,1.0,1.0,1.0,0.0,0.0,0.0,0.6525570154190063,0.7163635492324829
0.075,0.4,,,context_128_hop_4,0.1,,,,16301,,,,,,,,,,,40.0,,0.04306669500010685,,,,,,,direct_transformer,12011,,,,,,0.4,,0.0,0.0,,
0.0,1.0,1.0,1.0,context_256_hop_4,1.0,0.014692910574376583,-0.9617347478866577,0.8620835185050965,16301,0.008236255683004855,8.0,1.0,0.0,5.593198490142822,0.800944721698761,0.4244712829589844,0.1664872646331787,1.0,1.0,40.0,1.0,1.773009729000023,1.0,1.0,1.0,1.0,1.0,1.0,native_ergt,12011,2.384185791015625e-07,1.0,1.0,1.0,1.0,1.0,0.0,0.0,0.0,0.6668218612670899,0.6989441514015198
0.0,0.575,,,context_256_hop_4,0.25,,,,16301,,,,,,,,,,,40.0,,0.07347726599982707,,,,,,,direct_transformer,12011,,,,,,0.575,,0.0,0.0,,
0.525,0.45,0.45,1.0,context_512_hop_4,0.4,0.013943898491561413,-0.9584023356437683,0.8716034531593323,16301,0.015127609297633172,8.0,1.0,0.0,3.814363431930542,0.5851032555103302,0.06216666623950005,0.11082058176398277,1.0,1.0,40.0,1.0,3.334653220999826,1.0,1.0,1.0,1.0,1.0,1.0,native_ergt,12011,2.384185791015625e-07,1.0,1.0,1.0,1.0,0.45,0.0,0.0,0.0,0.6492944240570069,0.7016804337501525
0.0,0.525,,,context_512_hop_4,0.05,,,,16301,,,,,,,,,,,40.0,,0.0896252560000903,,,,,,,direct_transformer,12011,,,,,,0.525,,0.0,0.0,,
0.3,0.675,0.525,1.0,context_768_hop_4,0.45,0.014319014642387629,-0.9601577043533325,0.8746443927288056,16301,0.01813557483255863,4.0,1.0,0.0,3.1627199053764343,0.4741468794643879,0.05683275163173677,0.09917333573102952,0.996875,1.0,40.0,1.0,6.064482283999951,1.0,1.0,1.0,1.0,1.0,1.0,native_ergt,12011,2.384185791015625e-07,1.0,1.0,1.0,1.0,0.675,0.0,0.0,0.0,0.6331774890422821,0.7031777739524842
0.0,0.525,,,context_768_hop_4,0.05,,,,16301,,,,,,,,,,,40.0,,0.21146947800025373,,,,,,,direct_transformer,12011,,,,,,0.525,,0.0,0.0,,
0.075,0.9,0.8,1.0,context_512_hop_24,0.8,0.011363590322434901,-0.9682168126106262,0.8695135116577148,16301,0.06475341509406765,8.0,1.0,0.0,37.85684051513672,0.9147091746330261,0.08570762425661087,0.5619696736335754,0.7791666666666667,1.0,40.0,1.0,7.475505061999684,1.0,1.0,1.0,1.0,1.0,1.0,native_ergt,12011,2.384185791015625e-07,1.0,1.0,1.0,1.0,0.9,0.0,0.0,0.0,0.6568360090255737,0.7696725726127625
0.0,0.475,,,context_512_hop_24,0.0,,,,16301,,,,,,,,,,,40.0,,0.12541099500003838,,,,,,,direct_transformer,12011,,,,,,0.475,,0.0,0.0,,
0.0,1.0,0.975,1.0,context_768_hop_24,1.0,0.012482018675655127,-0.9634903252124787,0.8729180634021759,16301,0.06323715237279733,4.0,1.0,0.0,35.91945915222168,0.8896028280258179,0.11088524758815765,0.6880889713764191,0.840625,1.0,40.0,1.0,12.935631925000052,1.0,1.0,1.0,1.0,1.0,1.0,native_ergt,12011,2.384185791015625e-07,1.0,1.0,1.0,1.0,1.0,0.0,0.0,0.0,0.6548310101032258,0.7643911659717559
0.0,0.5,,,context_768_hop_24,0.0,,,,16301,,,,,,,,,,,40.0,,0.3212313490002998,,,,,,,direct_transformer,12011,,,,,,0.5,,0.0,0.0,,
1.0,1.0,1.0,1.0,unsupported_hop_4,0.0,0.019203555304557085,-0.9565290957689285,0.8584402054548264,16301,0.0048957376607826775,8.0,1.0,0.0,4.889261484146118,0.671638235449791,0.4279046580195427,0.24700789898633957,1.0,1.0,28.0,1.0,1.0290574770001513,1.0,1.0,1.0,1.0,1.0,1.0,native_ergt,12011,2.384185791015625e-07,1.0,1.0,1.0,1.0,0.0,0.0,0.0,28.0,0.6415411531925201,0.7008320838212967
0.07142857142857142,0.07142857142857142,,,unsupported_hop_4,0.0,,,,16301,,,,,,,,,,,28.0,,0.029990386000008584,,,,,,,direct_transformer,12011,,,,,,0.0,,0.9285714285714286,28.0,,
1.0,1.0,1.0,1.0,unsupported_hop_16,0.0,0.013486519455909729,-0.9679378122091293,0.8898787647485733,16301,0.04502494866028428,8.0,1.0,0.0,26.27274227142334,0.9249155521392822,0.22029603645205498,0.36703018471598625,0.9207589285714286,1.0,28.0,1.0,3.0455896960002065,1.0,1.0,1.0,1.0,1.0,1.0,native_ergt,12011,2.384185791015625e-07,1.0,1.0,1.0,1.0,0.0,0.0,0.0,28.0,0.660640150308609,0.7454949021339417
0.0,0.0,,,unsupported_hop_16,0.0,,,,16301,,,,,,,,,,,28.0,,0.06657477500039022,,,,,,,direct_transformer,12011,,,,,,0.0,,1.0,28.0,,
1.0,1.0,0.7857142857142857,1.0,unsupported_hop_32,0.0,0.01340895410006245,-0.9707600076993307,0.8960353334744772,16301,0.05600923682296915,5.0,1.0,0.0,57.575167973836265,0.9730744560559591,0.03350101054335634,0.3759002511699994,0.6216517857142857,1.0,28.0,1.0,8.122108403999846,1.0,1.0,1.0,1.0,1.0,1.0,native_ergt,12011,2.384185791015625e-07,1.0,1.0,1.0,1.0,0.0,0.0,0.0,28.0,0.6527116000652313,0.7845867971579233
0.0,0.0,,,unsupported_hop_32,0.0,,,,16301,,,,,,,,,,,28.0,,0.1693263610000031,,,,,,,direct_transformer,12011,,,,,,0.0,,1.0,28.0,,
